OrderID,CustomerID,Product,Quantity,Price,OrderDate
O1001,C001,Laptop,2,55000,2023-04-10
O1002,C002,Mobile,1,25000,2023-04-12
O1003,C003,Tablet,3,15000,2023-05-01
O1004,C004,Laptop,1,60000,2023-05-15
O1005,C005,Mobile,2,22000,2023-06-05
O1006,C006,Headphones,5,2000,2023-06-10
O1007,C007,Laptop,1,58000,2023-07-02
O1008,C008,Tablet,2,18000,2023-07-20