customerid,name,age,region,signupdate,orderid,product,quantity,price,orderdate,discounted_price,revenue,ticketid,issuetype,resolutiontime,clv,avg_resolution_time
C001,Amit,28.0,North,2023-01-15,O1001,Laptop,2,55000,2023-04-10,49500.0,110000,T001,Delivery Delay,48,110000,48.0
C002,Priya,35.0,South,2022-11-20,O1002,Mobile,1,25000,2023-04-12,22500.0,25000,T002,Payment Issue,24,25000,24.0
C003,John,33.0,East,2023-03-05,O1003,Tablet,3,15000,2023-05-01,13500.0,45000,T003,Product Defect,72,45000,72.0
C004,Sara,42.0,West,2021-07-12,O1004,Laptop,1,60000,2023-05-15,54000.0,60000,T004,Delivery Delay,36,60000,36.0
C005,David,30.0,North,2023-02-10,O1005,Mobile,2,22000,2023-06-05,19800.0,44000,T005,Payment Issue,12,44000,12.0
C006,Meera,27.0,South,2022-09-18,O1006,Headphones,5,2000,2023-06-10,1800.0,10000,T006,Product Defect,60,10000,60.0
C007,Alex,33.0,East,2023-01-25,O1007,Laptop,1,58000,2023-07-02,52200.0,58000,T007,Delivery Delay,30,58000,30.0
C008,Ravi,40.0,West,2022-12-01,O1008,Tablet,2,18000,2023-07-20,16200.0,36000,T008,Payment Issue,20,36000,20.0
